{
    
    "Haitian Creole":[
        -72.33179106730078,
        18.946199616160314
     ], 
    "Jamaican Creole": [
        -77.23249112775078,
        18.106659099707855
      ],
    "Louisiana Creole": [
        -92.42215259572839,
        30.877173329840574
      ],
    "Suriname Saramaccan Creole":[
        -56.06830527989747,
        4.318763294595016
    ],
    "Martinique Antillean Creole":[
        -60.984525685480605,
        14.633296134676826
      ],
    "Antillean Creole":[
        -60.97625737090054,
        13.854575743392488
      ],

    "Nigerian Pidgin English":[
        6.625541933450393,
        7.292380652309589
      ]
    
    
}